<scheme name="Lightning" version="142" parent_scheme="Default">
  <metaInfo>
    <property name="created">2019-01-22T02:54:51</property>
    <property name="ide">idea</property>
    <property name="ideVersion">2019.1.0.0</property>
    <property name="modified">2019-01-22T02:55:20</property>
    <property name="originalScheme">Lightning</property>
  </metaInfo>
  <colors>
    <option name="CARET_ROW_COLOR" value="e8e3cf" />
  </colors>
  <attributes>
    <option name="BAD_CHARACTER">
      <value>
        <option name="FOREGROUND" value="ff0000" />
      </value>
    </option>
    <option name="CONSTRUCTOR_CALL_ATTRIBUTES">
      <value>
        <option name="FOREGROUND" value="b5" />
      </value>
    </option>
    <option name="DEFAULT_ATTRIBUTE">
      <value>
        <option name="FOREGROUND" value="b2" />
        <option name="FONT_TYPE" value="1" />
      </value>
    </option>
    <option name="DEFAULT_CLASS_NAME">
      <value>
        <option name="FOREGROUND" value="27c7e" />
      </value>
    </option>
    <option name="DEFAULT_CONSTANT">
      <value>
        <option name="FOREGROUND" value="d101d9" />
        <option name="FONT_TYPE" value="2" />
      </value>
    </option>
    <option name="DEFAULT_DOC_MARKUP">
      <value>
        <option name="BACKGROUND" value="e6eae8" />
      </value>
    </option>
    <option name="DEFAULT_ENTITY">
      <value>
        <option name="FOREGROUND" value="b2" />
        <option name="FONT_TYPE" value="1" />
      </value>
    </option>
    <option name="DEFAULT_FUNCTION_CALL">
      <value>
        <option name="FOREGROUND" value="2686a" />
      </value>
    </option>
    <option name="DEFAULT_FUNCTION_DECLARATION">
      <value>
        <option name="FOREGROUND" value="27c7e" />
      </value>
    </option>
    <option name="DEFAULT_GLOBAL_VARIABLE">
      <value>
        <option name="FOREGROUND" value="3c90" />
        <option name="FONT_TYPE" value="2" />
      </value>
    </option>
    <option name="DEFAULT_INSTANCE_FIELD">
      <value>
        <option name="FOREGROUND" value="2686a" />
        <option name="FONT_TYPE" value="1" />
      </value>
    </option>
    <option name="DEFAULT_INSTANCE_METHOD">
      <value>
        <option name="FOREGROUND" value="2686a" />
      </value>
    </option>
    <option name="DEFAULT_INTERFACE_NAME">
      <value>
        <option name="FOREGROUND" value="27c7e" />
      </value>
    </option>
    <option name="DEFAULT_INVALID_STRING_ESCAPE">
      <value>
        <option name="FOREGROUND" value="ff0000" />
      </value>
    </option>
    <option name="DEFAULT_KEYWORD">
      <value>
        <option name="FOREGROUND" value="3504a8" />
        <option name="FONT_TYPE" value="1" />
      </value>
    </option>
    <option name="DEFAULT_LOCAL_VARIABLE">
      <value>
        <option name="FOREGROUND" value="69ff" />
      </value>
    </option>
    <option name="DEFAULT_METADATA">
      <value>
        <option name="FOREGROUND" value="a09d6b" />
        <option name="BACKGROUND" value="ffffff" />
      </value>
    </option>
    <option name="DEFAULT_NUMBER">
      <value>
        <option name="FOREGROUND" value="46d8" />
      </value>
    </option>
    <option name="DEFAULT_PARAMETER">
      <value>
        <option name="FOREGROUND" value="6c0063" />
      </value>
    </option>
    <option name="DEFAULT_STATIC_FIELD">
      <value>
        <option name="FOREGROUND" value="2686a" />
        <option name="FONT_TYPE" value="3" />
      </value>
    </option>
    <option name="DEFAULT_STATIC_METHOD">
      <value>
        <option name="FOREGROUND" value="2686a" />
        <option name="FONT_TYPE" value="2" />
        <option name="EFFECT_TYPE" value="1" />
      </value>
    </option>
    <option name="DEFAULT_STRING">
      <value>
        <option name="FOREGROUND" value="1a114" />
      </value>
    </option>
    <option name="IMPLICIT_ANONYMOUS_CLASS_PARAMETER_ATTRIBUTES">
      <value>
        <option name="FOREGROUND" value="27d7f" />
      </value>
    </option>
    <option name="INHERITED_METHOD_ATTRIBUTES">
      <value>
        <option name="FOREGROUND" value="b5" />
        <option name="EFFECT_COLOR" value="b5" />
        <option name="EFFECT_TYPE" value="1" />
      </value>
    </option>
    <option name="INSTANCE_FINAL_FIELD_ATTRIBUTES">
      <value>
        <option name="FOREGROUND" value="8f0197" />
        <option name="FONT_TYPE" value="1" />
      </value>
    </option>
    <option name="METHOD_CALL_ATTRIBUTES">
      <value>
        <option name="FOREGROUND" value="b5" />
      </value>
    </option>
    <option name="METHOD_DECLARATION_ATTRIBUTES">
      <value>
        <option name="FOREGROUND" value="b5" />
        <option name="FONT_TYPE" value="1" />
      </value>
    </option>
    <option name="NOT_USED_ELEMENT_ATTRIBUTES">
      <value>
        <option name="FOREGROUND" value="808080" />
        <option name="BACKGROUND" value="ffffff" />
      </value>
    </option>
    <option name="STATIC_FINAL_FIELD_ATTRIBUTES">
      <value>
        <option name="FOREGROUND" value="d101d9" />
        <option name="FONT_TYPE" value="2" />
      </value>
    </option>
    <option name="STATIC_FINAL_FIELD_IMPORTED_ATTRIBUTES">
      <value>
        <option name="FOREGROUND" value="d101d9" />
        <option name="FONT_TYPE" value="2" />
      </value>
    </option>
    <option name="TODO_DEFAULT_ATTRIBUTES">
      <value>
        <option name="FOREGROUND" value="ba7480" />
        <option name="FONT_TYPE" value="2" />
      </value>
    </option>
    <option name="UNMATCHED_BRACE_ATTRIBUTES">
      <value>
        <option name="BACKGROUND" value="ff8a8a" />
      </value>
    </option>
    <option name="XML_ATTRIBUTE_VALUE">
      <value>
        <option name="FOREGROUND" value="17913" />
      </value>
    </option>
  </attributes>
</scheme>